[{"username":"Darryl","email":"darryl@gmail.com","password":"darryl123"},{"username":"William","email":"william@gmail.com","password":"william123"},{"username":"Brian","email":"brian@gmail.com","password":"brian123"},{"username":"Elom","email":"elom@gmail.com","password":"elom123"},{"username":"Semih","email":"semih@gmail.com","password":"semih123"},{"username":"semiki","email":"canturks@seas.upenn.edu","password":"semodero00"},{"username":"sdf","email":"sdfj@gmail.com","password":"asdfljsdf"},{"username":"Bill","email":"bill@gmail.com","password":"bill123"},{"username":"Bill","email":"Bill@gmail.com","password":"bill"}]