{
  "viewable": true,
  "username":"jjupiter",
  "password":"***"
  "name": "James Jupiter",
  "expertise/interests": [
    "coding",
    "hunting",
    "camping"
  ],
  "studies": {
    "school": "Engineering",
    "grad-year": "2020",
    "major/program": [
      "Systems Engineering"
    ],
    "minor/cert": [
      "Engineering Enterpreneurship"
    ]
  },
  "rank": 3,
  "email-address": "jupiter@seas.upenn.edu",
  "last-site-access": "20FEB2017",
  "publicity": {
    "name": false,
    "expertise/interests": false,
    "studies": true,
    "rank": true,
    "email-address": false,
    "last-site-access": false
  }
}